-- Seed inicial de productos y comercios

INSERT INTO brands (id, name, slug) VALUES
    ('a0000001-0000-0000-0000-000000000001', 'Diana', 'diana'),
    ('a0000001-0000-0000-0000-000000000002', 'Roa', 'roa'),
    ('a0000001-0000-0000-0000-000000000003', 'Familia', 'familia'),
    ('a0000001-0000-0000-0000-000000000004', 'Colanta', 'colanta'),
    ('a0000001-0000-0000-0000-000000000005', 'Bimbo', 'bimbo'),
    ('a0000001-0000-0000-0000-000000000006', 'MK', 'mk'),
    ('a0000001-0000-0000-0000-000000000007', 'Genfar', 'genfar'),
    ('a0000001-0000-0000-0000-000000000008', 'Rey', 'rey'),
    ('a0000001-0000-0000-0000-000000000009', 'Sello Rojo', 'sello-rojo');

INSERT INTO categories (id, name, slug, level) VALUES
    ('b0000001-0000-0000-0000-000000000001', 'Despensa', 'despensa', 0),
    ('b0000001-0000-0000-0000-000000000002', 'Lácteos', 'lacteos', 0),
    ('b0000001-0000-0000-0000-000000000003', 'Panadería', 'panaderia', 0),
    ('b0000001-0000-0000-0000-000000000004', 'Farmacia', 'farmacia', 0),
    ('b0000001-0000-0000-0000-000000000005', 'Aseo', 'aseo', 0);

INSERT INTO master_products (id, name, slug, brand_id, category_id, barcode, ean) VALUES
    ('c0000001-0000-0000-0000-000000000001', 'Arroz Diana Premium 1kg', 'arroz-diana-premium-1kg', 'a0000001-0000-0000-0000-000000000001', 'b0000001-0000-0000-0000-000000000001', '7702010000011', '7702010000011'),
    ('c0000001-0000-0000-0000-000000000002', 'Arroz Roa Fortificado 1kg', 'arroz-roa-fortificado-1kg', 'a0000001-0000-0000-0000-000000000002', 'b0000001-0000-0000-0000-000000000001', '7702010000028', '7702010000028'),
    ('c0000001-0000-0000-0000-000000000003', 'Aceite Gourmet Familia 1000ml', 'aceite-gourmet-familia-1000ml', 'a0000001-0000-0000-0000-000000000003', 'b0000001-0000-0000-0000-000000000001', '7702010000035', '7702010000035'),
    ('c0000001-0000-0000-0000-000000000004', 'Leche Entera Colanta 1L', 'leche-entera-colanta-1l', 'a0000001-0000-0000-0000-000000000004', 'b0000001-0000-0000-0000-000000000002', '7702010000042', '7702010000042'),
    ('c0000001-0000-0000-0000-000000000005', 'Pan Bimbo Integral 500g', 'pan-bimbo-integral-500g', 'a0000001-0000-0000-0000-000000000005', 'b0000001-0000-0000-0000-000000000003', '7702010000059', '7702010000059'),
    ('c0000001-0000-0000-0000-000000000006', 'Acetaminofén MK 500mg x30', 'acetaminofen-mk-500mg-x30', 'a0000001-0000-0000-0000-000000000006', 'b0000001-0000-0000-0000-000000000004', '7702010000066', '7702010000066'),
    ('c0000001-0000-0000-0000-000000000007', 'Ibuprofeno Genfar 400mg x20', 'ibuprofeno-genfar-400mg-x20', 'a0000001-0000-0000-0000-000000000007', 'b0000001-0000-0000-0000-000000000004', '7702010000073', '7702010000073'),
    ('c0000001-0000-0000-0000-000000000008', 'Jabón Rey Barra 150g', 'jabon-rey-barra-150g', 'a0000001-0000-0000-0000-000000000008', 'b0000001-0000-0000-0000-000000000005', '7702010000080', '7702010000080'),
    ('c0000001-0000-0000-0000-000000000009', 'Café Sello Rojo 500g', 'cafe-sello-rojo-500g', 'a0000001-0000-0000-0000-000000000009', 'b0000001-0000-0000-0000-000000000001', '7702010000103', '7702010000103');

INSERT INTO stores (id, name, slug, category) VALUES
    ('d0000001-0000-0000-0000-000000000001', 'Almacenes Éxito', 'exito', 'Supermercado'),
    ('d0000001-0000-0000-0000-000000000002', 'Tiendas D1', 'd1', 'Supermercado'),
    ('d0000001-0000-0000-0000-000000000003', 'Supermercados Olímpica', 'olimpica', 'Supermercado'),
    ('d0000001-0000-0000-0000-000000000004', 'Jumbo', 'jumbo', 'Supermercado'),
    ('d0000001-0000-0000-0000-000000000005', 'Ara', 'ara', 'Supermercado'),
    ('d0000001-0000-0000-0000-000000000006', 'Cruz Verde', 'cruz-verde', 'Farmacia'),
    ('d0000001-0000-0000-0000-000000000007', 'Farmatodo', 'farmatodo', 'Farmacia'),
    ('d0000001-0000-0000-0000-000000000008', 'Carulla', 'carulla', 'Supermercado');
